length,cells,runtime_seconds_median,runtime_seconds_min
500,250000,0.324220399999831,0.3041327999999339
1000,1000000,0.31740630000058445,0.2933006999992358
1500,2250000,0.3608930999998847,0.34635960000014165
2000,4000000,0.38204450000012,0.3752588999996078
