length,cells,runtime_seconds_median,runtime_seconds_min
1000,1000000,0.17200189999857685,0.1531886000011582
2000,4000000,0.1868484000005992,0.18160559999887482
3000,9000000,0.23350859999845852,0.22877620000144816
4000,16000000,0.30763350000052014,0.30611490000228514
5000,25000000,0.39171020000139833,0.38174419999995735
