length,threads,median_seconds,speedup
5000,1,0.419059,1.000000
5000,2,0.684480,0.612231
5000,4,0.694650,0.603267
5000,8,0.783433,0.534902
10000,1,1.099226,1.000000
10000,2,1.908057,0.576097
10000,4,1.651078,0.665762
10000,8,1.716728,0.640303
15000,1,2.358032,1.000000
15000,2,3.803853,0.619906
15000,4,2.926888,0.805645
15000,8,3.063726,0.769662
